추천소스,시군,카테고리,음식점명,별점,리뷰수,도로명주소,지번주소,전화번호,경도,위도,카카오맵URL,수집일시
카카오맵,광주시,"음식점 > 한식 > 육류,고기",오늘도등심,5.0,139,경기 광주시 문형산길 41,경기 광주시 신현동 359-1,031-713-8090,127.162925964969,37.3618824614234,http://place.map.kakao.com/1603346912,2026-10-06 23:14:50
카카오맵,광주시,"음식점 > 한식 > 육류,고기",홍고집,5.0,23,경기 광주시 이배재로 209-4,경기 광주시 목현동 41,031-762-6119,127.234526934633,37.4325616030594,http://place.map.kakao.com/24663716,2026-10-07 00:55:24
카카오맵,광주시,"음식점 > 한식 > 육류,고기 > 닭요리 > 삼계탕",경복궁삼계탕전문점,5.0,22,경기 광주시 광주대로 216,경기 광주시 송정동 302-21,031-584-5979,127.25820329543579,37.42591412736352,http://place.map.kakao.com/921112448,2026-10-07 01:40:50
카카오맵,광주시,음식점 > 한식 > 국수 > 칼국수,이모네칼국수,5.0,21,경기 광주시 도척면 마도로 312,경기 광주시 도척면 유정리 275-8,010-4934-7346,127.33190770639348,37.29853632737635,http://place.map.kakao.com/1289473881,2026-10-07 00:25:57
카카오맵,광주시,음식점 > 한식 > 국수,곤지암동치미막국수,5.0,20,경기 광주시 곤지암읍 도척로 150,경기 광주시 곤지암읍 곤지암리 510-3,031-767-9992,127.337103069422,37.3390436496772,http://place.map.kakao.com/1690768395,2026-10-07 00:27:27
카카오맵,광주시,음식점 > 한식 > 한정식,한마당,5.0,14,경기 광주시 남한산성면 남한산성로792번길 17-1,경기 광주시 남한산성면 산성리 1005,031-743-6602,127.182199435907,37.4770629122301,http://place.map.kakao.com/1519612265,2026-10-07 01:49:34
카카오맵,광주시,"음식점 > 간식 > 제과,베이커리",설강화케이크,5.0,13,경기 광주시 초월읍 도곡안길 49,경기 광주시 초월읍 쌍동리 238-3,0507-1492-3464,127.296585806537,37.3721837342289,http://place.map.kakao.com/1855664262,2026-10-07 00:16:23
카카오맵,광주시,"음식점 > 간식 > 제과,베이커리",아틀리에 타츠,5.0,13,경기 광주시 태전동2길 42,경기 광주시 태전동 123-2,0506-433-4209,127.23385396634686,37.38255462040044,http://place.map.kakao.com/952935350,2026-10-06 23:31:25
카카오맵,광주시,"음식점 > 한식 > 해물,생선 > 회",변산횟집,5.0,12,경기 광주시 문화로124번길 1,경기 광주시 경안동 124-9,010-9003-9572,127.251635273399,37.4139114395411,http://place.map.kakao.com/436180895,2026-10-07 01:08:22
카카오맵,광주시,음식점 > 한식 > 국수,선자네 제주고기국수,5.0,12,경기 광주시 오포로 465-6,경기 광주시 문형동 454,,127.208284804605,37.34250678079309,http://place.map.kakao.com/357465505,2026-10-06 23:19:17
카카오맵,광주시,"음식점 > 간식 > 제과,베이커리",이니스와플,5.0,12,경기 광주시 초월읍 도곡길 27,경기 광주시 초월읍 쌍동리 401,070-7507-2135,127.30157119404531,37.36707043788022,http://place.map.kakao.com/39609104,2026-10-06 23:53:52
카카오맵,광주시,"음식점 > 한식 > 육류,고기",태화산가든,5.0,12,경기 광주시 도척면 도척로 876-35,경기 광주시 도척면 유정리 573-6,031-798-5181,127.30763313413378,37.29174414308079,http://place.map.kakao.com/12436913,2026-10-06 22:59:26
카카오맵,광주시,음식점 > 간식 > 닭강정,광주가마솥닭강정,5.0,11,경기 광주시 순암로 295,경기 광주시 중대동 98-16,031-761-1238,127.21996597434607,37.40197393877697,http://place.map.kakao.com/377528363,2026-10-07 00:46:50
카카오맵,광주시,음식점 > 한식,황태정,5.0,11,경기 광주시 도척면 도척윗로 79,경기 광주시 도척면 궁평리 72,031-762-6203,127.33143255722965,37.341883487960466,http://place.map.kakao.com/451918623,2026-10-07 00:30:24
카카오맵,광주시,음식점 > 한식 > 두부전문점,두미당,5.0,10,경기 광주시 곤지암읍 광여로 87,경기 광주시 곤지암읍 곤지암리 94-1,0502-5553-7597,127.355462408386,37.3498625851251,http://place.map.kakao.com/1092246453,2026-10-07 00:38:14
카카오맵,광주시,"음식점 > 한식 > 육류,고기 > 삼겹살",미친삼겹살,5.0,10,경기 광주시 경충대로 1492,경기 광주시 쌍령동 252-4,,127.271014637962,37.4026203016403,http://place.map.kakao.com/1575047944,2026-10-07 01:29:59
카카오맵,광주시,"음식점 > 간식 > 제과,베이커리",바켄도르프과자점,5.0,10,경기 광주시 태봉로 51,경기 광주시 태전동 628,031-797-2147,127.22950287348074,37.38866756627721,http://place.map.kakao.com/15792726,2026-10-06 23:35:16
카카오맵,광주시,음식점 > 한식 > 설렁탕,일품설렁탕,5.0,10,경기 광주시 퇴촌면 정영로 508,경기 광주시 퇴촌면 도수리 128-6,,127.343635980936,37.4748512238424,http://place.map.kakao.com/1243372527,2026-10-07 02:05:47
카카오맵,광주시,"음식점 > 일식 > 돈까스,우동",초월면사무소,5.0,10,경기 광주시 초월읍 경충대로 1100-10,경기 광주시 초월읍 쌍동리 253-67,031-699-8957,127.29679068635599,37.376331526159554,http://place.map.kakao.com/2025483579,2026-10-07 00:16:06
카카오맵,광주시,"음식점 > 한식 > 육류,고기",숯불나라,4.9,84,경기 광주시 수하길6번길 11-1,경기 광주시 송정동 67-5,,127.261229631255,37.4144339425757,http://place.map.kakao.com/1512288903,2026-10-07 01:28:48
카카오맵,광주시,음식점 > 한식,오감 해물누룽지탕,4.9,77,경기 광주시 곤지암읍 경충대로 665,경기 광주시 곤지암읍 삼리 17-6,0507-1468-2373,127.334912947568,37.35104162079,http://place.map.kakao.com/1871745071,2026-10-07 00:31:16
카카오맵,광주시,"음식점 > 한식 > 해물,생선 > 게,대게",동해대게 경기광주본점,4.9,71,경기 광주시 경충대로 1407-3,경기 광주시 쌍령동 408,031-8027-8449,127.276123517467,37.3956706367221,http://place.map.kakao.com/1011589917,2026-10-07 00:13:42
카카오맵,광주시,"음식점 > 간식 > 제과,베이커리",싸멜,4.9,32,경기 광주시 태성로 130-1,경기 광주시 태전동 63-20,031-762-9239,127.22784654559477,37.377550354468276,http://place.map.kakao.com/1522405648,2026-10-06 23:29:26
카카오맵,광주시,"음식점 > 한식 > 육류,고기",수양농장가든,4.9,23,경기 광주시 곤지암읍 경충대로295번길 110-3,경기 광주시 곤지암읍 수양리 618-1,031-762-6966,127.36833222810516,37.32652358516971,http://place.map.kakao.com/11127340,2026-10-07 00:27:13
카카오맵,광주시,"음식점 > 한식 > 육류,고기",남도숯불고기,4.9,21,경기 광주시 오포로520번길 11,경기 광주시 문형동 375-10,031-765-4995,127.213901372594,37.3456485560938,http://place.map.kakao.com/9723063,2026-10-06 23:21:02
카카오맵,광주시,음식점 > 일식,스시야,4.9,18,경기 광주시 태봉로 226-18,경기 광주시 고산동 390-13,031-764-3236,127.229711758716,37.3727433912229,http://place.map.kakao.com/1353125140,2026-10-06 23:27:38
카카오맵,광주시,음식점 > 중식 > 중국요리,동심루,4.9,17,경기 광주시 광남안로 131,경기 광주시 목동 34,031-766-3350,127.214805820371,37.3846180527953,http://place.map.kakao.com/1679998492,2026-10-06 23:26:35
카카오맵,광주시,"음식점 > 한식 > 해물,생선 > 추어",오포추어탕,4.9,16,경기 광주시 새말길152번길 11,경기 광주시 신현동 445-2,031-8022-8922,127.163158679523,37.371870008297,http://place.map.kakao.com/260406670,2026-10-06 23:25:18
카카오맵,광주시,음식점 > 분식,행복김밥,4.9,16,경기 광주시 초월읍 경충대로 921-1,경기 광주시 초월읍 산이리 433,031-761-8791,127.311405570218,37.3642067317439,http://place.map.kakao.com/282187011,2026-10-07 00:00:42
카카오맵,광주시,"음식점 > 한식 > 찌개,전골",목현씨부대찌개,4.9,14,경기 광주시 이배재로 447,경기 광주시 목현동 418-7,010-9795-7776,127.210701291869,37.4330029196833,http://place.map.kakao.com/1019313128,2026-10-07 00:53:06
카카오맵,광주시,음식점 > 한식 > 해장국,매짜리토박이,4.9,13,경기 광주시 매자리길 94-32,경기 광주시 매산동 200-2,031-761-0530,127.25571827805926,37.3525854566752,http://place.map.kakao.com/984313456,2026-10-06 23:50:46
카카오맵,광주시,"음식점 > 한식 > 해물,생선 > 장어",부영장어나라,4.9,13,경기 광주시 이배재로 458-17,경기 광주시 목현동 397-1,031-761-0592,127.208639800686,37.4327939368122,http://place.map.kakao.com/1305055129,2026-10-07 00:52:59
카카오맵,광주시,"음식점 > 한식 > 육류,고기",참한집 경기광주점,4.9,13,경기 광주시 경안로 14-14,경기 광주시 경안동 20-2,010-7255-0779,127.259284909141,37.4109620999065,http://place.map.kakao.com/1870816819,2026-10-07 01:20:08
카카오맵,광주시,"음식점 > 양식 > 멕시칸,브라질",갓잇 광주상상초월점,4.9,12,경기 광주시 초월읍 경충대로 1078,경기 광주시 초월읍 쌍동리 262,031-798-3134,127.298880792509,37.3741223629712,http://place.map.kakao.com/631707497,2026-10-07 00:18:01
카카오맵,광주시,음식점 > 한식,따봉시래기 경기광주점,4.9,11,경기 광주시 새말길 108,경기 광주시 신현동 399-13,,127.162541639116,37.3679180610279,http://place.map.kakao.com/516208793,2026-10-06 23:16:27
카카오맵,광주시,"음식점 > 한식 > 육류,고기",봉급날 본점,4.9,11,경기 광주시 태봉로13번길 16,경기 광주시 장지동 68-5,031-769-5901,127.23229578837079,37.39097863793752,http://place.map.kakao.com/14129918,2026-10-06 23:40:44
카카오맵,광주시,음식점 > 한식 > 국수,시골막국수와옹심이 곤지암점,4.9,11,경기 광주시 곤지암읍 경충대로 418,경기 광주시 곤지암읍 곤지암리 51-1,070-4117-4100,127.35932037399229,37.34210842242342,http://place.map.kakao.com/1146134058,2026-10-07 00:38:24
카카오맵,광주시,"음식점 > 한식 > 육류,고기 > 닭요리",여기로와,4.9,11,경기 광주시 남한산성면 남한산성로 805,경기 광주시 남한산성면 산성리 1059,031-747-9893,127.18402875751856,37.47617889095103,http://place.map.kakao.com/1183850452,2026-10-07 01:49:30
카카오맵,광주시,"음식점 > 한식 > 해물,생선 > 회",물고기의집,4.9,10,경기 광주시 경안로25번길 41-1,경기 광주시 역동 3-18,031-761-8877,127.25627975232541,37.40615992063704,http://place.map.kakao.com/1863331252,2026-10-07 01:01:33
카카오맵,광주시,음식점 > 패스트푸드 > 샌드위치,샌드온,4.9,10,경기 광주시 역동로 111,경기 광주시 역동 213-1,010-4283-0831,127.2535453667921,37.39914688050173,http://place.map.kakao.com/856118372,2026-10-07 00:10:57
카카오맵,광주시,음식점 > 샤브샤브,아임파티,4.9,10,경기 광주시 초월읍 경충대로 1194,경기 광주시 초월읍 대쌍령리 274-7,0507-1305-9186,127.29276525626801,37.38290189617703,http://place.map.kakao.com/909989905,2026-10-07 00:20:01
카카오맵,광주시,"음식점 > 한식 > 육류,고기 > 삼겹살",삼돌집,4.8,107,경기 광주시 행정타운로 6-3,경기 광주시 송정동 336,0503-7153-9036,127.25660522447727,37.427072708291526,http://place.map.kakao.com/1883946985,2026-10-07 01:40:43
카카오맵,광주시,"음식점 > 한식 > 해물,생선",쭈꾸미소,4.8,81,경기 광주시 퇴촌면 정영로 756,경기 광주시 퇴촌면 영동리 575,0502-5551-7264,127.36459929244758,37.47932135296221,http://place.map.kakao.com/1957394626,2026-10-07 02:05:22
카카오맵,광주시,음식점 > 간식,행복한찹쌀꽈배기,4.8,32,경기 광주시 이배재로 246,경기 광주시 목현동 58-9,010-3263-8990,127.23241574419457,37.43493273746747,http://place.map.kakao.com/245953365,2026-10-07 00:55:37
카카오맵,광주시,음식점 > 한식,이삭보리밥,4.8,29,경기 광주시 초월읍 현산로 263,경기 광주시 초월읍 지월리 612-10,031-765-0101,127.29032572776799,37.41055927757521,http://place.map.kakao.com/2146425017,2026-10-07 01:45:34
카카오맵,광주시,음식점 > 한식 > 해장국,전가네해장국,4.8,27,경기 광주시 곤지암읍 광여로 43,경기 광주시 곤지암읍 곤지암리 133-2,031-798-3677,127.3508977301621,37.35072948334438,http://place.map.kakao.com/11382438,2026-10-07 00:37:25
카카오맵,광주시,음식점 > 한식 > 국수 > 칼국수,해산물칼국수,4.8,21,경기 광주시 퇴촌면 천진암로 406,경기 광주시 퇴촌면 도수리 345,031-765-7446,127.315936121816,37.4700054343562,http://place.map.kakao.com/15535677,2026-10-07 01:59:13
카카오맵,광주시,"음식점 > 한식 > 해물,생선",석림옛집,4.8,19,경기 광주시 남종면 태허정로 618,경기 광주시 남종면 이석리 77-3,031-762-5923,127.282630197149,37.4979813227928,http://place.map.kakao.com/8375536,2026-10-07 02:01:57
카카오맵,광주시,"음식점 > 한식 > 사철탕,영양탕",매봉골흑염소 본점,4.8,18,경기 광주시 매봉재길 5-2,경기 광주시 매산동 587-6,031-768-0288,127.24557617754583,37.362347934974025,http://place.map.kakao.com/24375766,2026-10-06 23:51:04
카카오맵,광주시,"음식점 > 한식 > 육류,고기 > 닭요리 > 삼계탕",토기와,4.8,15,경기 광주시 남한산성면 남한산성로 763-22,경기 광주시 남한산성면 산성리 509,031-746-4894,127.1849625733497,37.4775523717409,http://place.map.kakao.com/614421726,2026-10-07 01:49:59
카카오맵,광주시,"음식점 > 일식 > 돈까스,우동 > 무공돈까스",무공돈까스 경기광주경안점,4.8,13,경기 광주시 중앙로 154,경기 광주시 경안동 75-11,031-699-8920,127.257225525725,37.4132137351183,http://place.map.kakao.com/104109887,2026-10-07 01:28:03
카카오맵,광주시,음식점 > 한식 > 국수,운포대관령막국수촌,4.8,13,경기 광주시 오포로 464,경기 광주시 문형동 476-6,031-767-4233,127.20826524671462,37.34155442790598,http://place.map.kakao.com/20064463,2026-10-06 23:19:09
카카오맵,광주시,음식점 > 한식 > 곰탕,전주곰탕,4.8,13,경기 광주시 퇴촌면 정영로 336,경기 광주시 퇴촌면 도수리 281-2,031-765-3936,127.32763666311395,37.46649207982968,http://place.map.kakao.com/9145566,2026-10-07 01:57:01
카카오맵,광주시,음식점 > 한식 > 한정식,농가레스토랑 궁뜰 광주점,4.8,12,경기 광주시 청석로 77,경기 광주시 양벌동 17-120,031-761-7797,127.256857721667,37.3958068607514,http://place.map.kakao.com/740684680,2026-10-07 00:12:40
카카오맵,광주시,"음식점 > 한식 > 육류,고기 > 닭요리 > 삼계탕",백향목,4.8,12,경기 광주시 수하길20번길 12,경기 광주시 송정동 97-26,031-763-1598,127.262190629072,37.4143489217399,http://place.map.kakao.com/1062133741,2026-10-07 01:28:52
카카오맵,광주시,"음식점 > 간식 > 제과,베이커리",베이커리크램,4.8,12,경기 광주시 경안안길 47-14,경기 광주시 경안동 72-59,031-797-6970,127.2556450785686,37.41217108225064,http://place.map.kakao.com/1631284769,2026-10-07 01:23:08
카카오맵,광주시,"음식점 > 한식 > 육류,고기 > 닭요리",송정닭갈비,4.8,12,경기 광주시 오포로 249-7,경기 광주시 능평동 35-1,031-766-0335,127.189706445862,37.3499246603356,http://place.map.kakao.com/9161632,2026-10-06 23:13:46
카카오맵,광주시,음식점 > 한식 > 곰탕,오포한우소머리곰탕,4.8,12,경기 광주시 청석로 22-3,경기 광주시 양벌동 60-5,031-767-2026,127.256497820189,37.3906078552686,http://place.map.kakao.com/1838916298,2026-10-07 00:10:37
카카오맵,광주시,"음식점 > 한식 > 육류,고기",육고기가 갑이다,4.8,12,경기 광주시 태봉로21번길 21,경기 광주시 장지동 68-8,031-764-1720,127.232619868992,37.390242767841,http://place.map.kakao.com/982923384,2026-10-06 23:37:51
카카오맵,광주시,"음식점 > 일식 > 초밥,롤",초밥의길,4.8,12,경기 광주시 능평로 211-12,경기 광주시 능평동 155-1,031-8027-2425,127.17903411603187,37.34520819203955,http://place.map.kakao.com/1480408224,2026-10-06 23:05:27
카카오맵,광주시,"음식점 > 한식 > 육류,고기",뜻품고,4.8,11,경기 광주시 고불로 94,경기 광주시 태전동 280-1,031-766-8684,127.228031606855,37.3931764180341,http://place.map.kakao.com/1676225,2026-10-06 23:41:39
카카오맵,광주시,음식점 > 한식,계곡산장,4.8,10,경기 광주시 남한산성면 남한산성로780번길 64,경기 광주시 남한산성면 산성리 742,031-743-0599,127.18066507981608,37.48261457674066,http://place.map.kakao.com/12131929,2026-10-07 01:49:07
카카오맵,광주시,"음식점 > 한식 > 육류,고기 > 오리",금촌농장오리,4.8,10,경기 광주시 이배재로 467,경기 광주시 목현동 362,031-761-6906,127.209093303492,37.4317263338469,http://place.map.kakao.com/8203379,2026-10-07 00:52:46
카카오맵,광주시,"음식점 > 한식 > 육류,고기 > 곱창,막창",민수네연탄불곱창,4.8,10,경기 광주시 능평로 181,경기 광주시 능평동 174-5,031-797-0079,127.17524426198064,37.346128410723274,http://place.map.kakao.com/24166487,2026-10-06 23:02:49
카카오맵,광주시,음식점 > 일식 > 일식집,소복소복 경기광주점,4.8,10,경기 광주시 행정타운로 68,경기 광주시 송정동 362-25,031-797-4623,127.25079259369,37.4291548140519,http://place.map.kakao.com/2062671091,2026-10-07 01:40:12
카카오맵,광주시,음식점 > 간식 > 토스트 > 이삭토스트,이삭토스트 경기광주쌍령점,4.8,10,경기 광주시 경충대로1422번길 16,경기 광주시 쌍령동 368-12,031-767-7223,127.27679609810558,37.39737829757804,http://place.map.kakao.com/9334997,2026-10-07 00:14:37
카카오맵,광주시,음식점 > 한식 > 냉면,청기와냉면,4.8,10,경기 광주시 탄벌길 19-13,경기 광주시 탄벌동 144-6,031-762-0994,127.244893108763,37.418199120014,http://place.map.kakao.com/1344756366,2026-10-07 00:49:22
카카오맵,광주시,"음식점 > 간식 > 제과,베이커리",동네빵집,4.7,45,경기 광주시 역동로 90-1,경기 광주시 역동 134-36,031-763-0045,127.254716552597,37.4008220608353,http://place.map.kakao.com/298335707,2026-10-07 00:58:08
카카오맵,광주시,"음식점 > 일식 > 돈까스,우동",푸릴리,4.7,38,경기 광주시 초월읍 경충대로 1292,경기 광주시 초월읍 대쌍령리 335-2,,127.28615964051819,37.38968382758785,http://place.map.kakao.com/1677946598,2026-10-07 00:12:50
카카오맵,광주시,"음식점 > 한식 > 육류,고기",능골한우가,4.7,33,경기 광주시 오포로 147,경기 광주시 능평동 146-6,031-797-0255,127.181809208545,37.3456517710019,http://place.map.kakao.com/1360512919,2026-10-06 23:12:07
카카오맵,광주시,음식점 > 한식,수와연 흑마늘밥,4.7,28,경기 광주시 남종면 산수로 1680,경기 광주시 남종면 분원리 255-1,031-768-6446,127.30256288906693,37.49885187727154,http://place.map.kakao.com/9871195,2026-10-07 02:02:14
카카오맵,광주시,"음식점 > 한식 > 육류,고기 > 닭요리 > 삼계탕",계림상황삼계탕오리,4.7,24,경기 광주시 곤지암읍 도척로 32,경기 광주시 곤지암읍 삼리 38,031-768-3520,127.335741720942,37.3485839785255,http://place.map.kakao.com/386679188,2026-10-07 00:31:23
카카오맵,광주시,음식점 > 한식 > 국수,정찬길 강원도막국수,4.7,23,경기 광주시 창뜰윗길6번길 3,경기 광주시 능평동 260-7,031-717-3323,127.17233652237528,37.349855731089825,http://place.map.kakao.com/21572574,2026-10-06 23:11:56
카카오맵,광주시,"음식점 > 한식 > 육류,고기 > 족발,보쌈",항아리보쌈 경기광주점,4.7,21,경기 광주시 순암로 82,경기 광주시 장지동 347-7,031-762-0889,127.240231869368,37.3947722961669,http://place.map.kakao.com/25741199,2026-10-06 23:48:32
카카오맵,광주시,"음식점 > 간식 > 제과,베이커리",커먼베이커리,4.7,19,경기 광주시 태봉로 110,경기 광주시 태전동 735,031-8027-2008,127.23040545547937,37.38361108001376,http://place.map.kakao.com/642157228,2026-10-06 23:31:14
카카오맵,광주시,음식점 > 양식,마짜,4.7,15,경기 광주시 곤지암읍 경충대로 617,경기 광주시 곤지암읍 곤지암리 443-9,031-767-8182,127.34010503181267,37.35010325694805,http://place.map.kakao.com/767569913,2026-10-07 00:32:49
카카오맵,광주시,음식점 > 중식 > 중국요리,중화반점,4.7,15,경기 광주시 곤지암읍 신만로 17,경기 광주시 곤지암읍 신촌리 215-3,031-763-2279,127.390526022544,37.3298781196113,http://place.map.kakao.com/786081036,2026-10-07 00:29:30
카카오맵,광주시,음식점 > 중식,황비홍 마라탕,4.7,14,경기 광주시 곤지암읍 곤지암로 88-4,경기 광주시 곤지암읍 곤지암리 453-23,031-768-7685,127.33818186074704,37.34809678164364,http://place.map.kakao.com/1152305746,2026-10-07 00:31:33
카카오맵,광주시,음식점 > 중식 > 양꼬치,환상양꼬치,4.7,13,경기 광주시 경안로 38,경기 광주시 경안동 36-53,,127.256539996679,37.4096084524651,http://place.map.kakao.com/631331309,2026-10-07 01:14:42
카카오맵,광주시,"음식점 > 간식 > 제과,베이커리",세루리안힐즈,4.7,12,경기 광주시 새말길167번길 68,경기 광주시 신현동 548-8,070-4413-4375,127.164282541438,37.3783287963013,http://place.map.kakao.com/953236887,2026-10-06 23:25:14
카카오맵,광주시,음식점 > 한식,아침한상,4.7,12,경기 광주시 곤지암읍 만선로 50-1,경기 광주시 곤지암읍 만선리 353-6,031-761-0266,127.406544125393,37.3676049692678,http://place.map.kakao.com/2065048861,2026-10-07 00:40:31
카카오맵,광주시,음식점 > 한식,밥엔청국장 고산점,4.7,11,경기 광주시 오포로 874-7,경기 광주시 고산동 233-1,031-761-2777,127.232349761824,37.3685791117921,http://place.map.kakao.com/325220044,2026-10-06 23:23:40
카카오맵,광주시,음식점 > 아시아음식 > 인도음식,수엠부 광주점,4.7,11,경기 광주시 광주대로 11-20,경기 광주시 역동 23-35,031-765-3305,127.25979712247462,37.40817052429268,http://place.map.kakao.com/1992989698,2026-10-07 01:13:02
카카오맵,광주시,"음식점 > 한식 > 육류,고기 > 삼겹살",규돈묵은지삼겹살,4.7,10,경기 광주시 회안대로 599,경기 광주시 장지동 533-2,031-766-8840,127.23765839290992,37.406287116648265,http://place.map.kakao.com/1734454742,2026-10-07 00:47:54
카카오맵,광주시,음식점 > 한식,그집,4.7,10,경기 광주시 양벌로 103,경기 광주시 양벌동 213-4,031-763-1056,127.25503951298423,37.386808701813834,http://place.map.kakao.com/26308345,2026-10-07 00:09:49
카카오맵,광주시,"음식점 > 한식 > 육류,고기 > 족발,보쌈",윤씨보쌈,4.6,40,경기 광주시 청석로 264,경기 광주시 쌍령동 48-51,031-766-8089,127.26561693781254,37.41057231966089,http://place.map.kakao.com/2016622214,2026-10-07 01:21:23
카카오맵,광주시,"음식점 > 한식 > 육류,고기 > 닭요리",용마루,4.6,37,경기 광주시 남한산성면 남한산성로780번길 35,경기 광주시 남한산성면 산성리 699,0507-1310-9206,127.1829228304123,37.4807090755294,http://place.map.kakao.com/8030952,2026-10-07 01:51:52
카카오맵,광주시,"음식점 > 한식 > 육류,고기 > 갈비",고구려,4.6,35,경기 광주시 퇴촌면 천진암로 364,경기 광주시 퇴촌면 광동리 178,031-767-3207,127.31264232925268,37.4717080883258,http://place.map.kakao.com/8179042,2026-10-07 02:00:00
카카오맵,광주시,"음식점 > 한식 > 해물,생선 > 회",회모리,4.6,35,경기 광주시 파발로 147,경기 광주시 경안동 98-4,031-797-0412,127.254507587931,37.4138368138938,http://place.map.kakao.com/1659781816,2026-10-07 01:09:34
카카오맵,광주시,음식점 > 한식 > 국수 > 칼국수,유주희손만두국칼국수,4.6,34,경기 광주시 이배재로 433,경기 광주시 목현동 421-2,031-768-8001,127.21162431887,37.4333724888515,http://place.map.kakao.com/26393740,2026-10-07 00:52:33
카카오맵,광주시,음식점 > 한식,석산정,4.6,33,경기 광주시 남한산성면 남한산성로780번길 8,경기 광주시 남한산성면 산성리 612,031-749-0518,127.18445135227591,37.47884701872402,http://place.map.kakao.com/565029646,2026-10-07 01:52:00
카카오맵,광주시,음식점 > 아시아음식 > 동남아음식 > 베트남음식,포카페,4.6,31,경기 광주시 태중로 20,경기 광주시 태전동 282-12,031-761-9821,127.227520527541,37.3933377841491,http://place.map.kakao.com/1112047902,2026-10-06 23:41:23
카카오맵,광주시,음식점 > 아시아음식,미엔미엔,4.6,30,경기 광주시 퇴촌면 천진암로 296,경기 광주시 퇴촌면 광동리 221-2,0503-7152-2029,127.305336726315,37.4710208025353,http://place.map.kakao.com/1806752324,2026-10-07 01:54:41
카카오맵,광주시,음식점 > 양식,새미,4.6,28,경기 광주시 문화로 116,경기 광주시 경안동 148-24,0507-1372-3056,127.251639034462,37.4133473948838,http://place.map.kakao.com/771184281,2026-10-07 01:08:11
카카오맵,광주시,음식점 > 한식,당당보리밥,4.6,25,경기 광주시 능평로 132-8,경기 광주시 능평동 195-1,,127.17187668303856,37.34865352759433,http://place.map.kakao.com/924716871,2026-10-06 23:12:00
카카오맵,광주시,음식점 > 한식 > 설렁탕,감미옥 경기광주점,4.6,21,경기 광주시 문화로 3-1,경기 광주시 역동 358,031-768-0015,127.25586912294848,37.40431462362489,http://place.map.kakao.com/9656942,2026-10-07 01:00:35
카카오맵,광주시,"음식점 > 한식 > 육류,고기 > 닭요리",돌집,4.6,20,경기 광주시 남한산성면 남한산성로780번길 31,경기 광주시 남한산성면 산성리 637,031-742-8960,127.18334738549774,37.480483165515615,http://place.map.kakao.com/19387495,2026-10-07 01:52:07
카카오맵,광주시,음식점 > 양식,무슬리마,4.6,20,경기 광주시 역동로34번길 6,경기 광주시 역동 48-6,,127.257636503115,37.4052415376281,http://place.map.kakao.com/2007076958,2026-10-07 01:00:39
카카오맵,광주시,"음식점 > 한식 > 해물,생선 > 매운탕,해물탕",남강,4.6,19,경기 광주시 남종면 산수로 1668,경기 광주시 남종면 분원리 255-7,031-767-9217,127.302135050938,37.4979186320677,http://place.map.kakao.com/17419418,2026-10-07 02:02:11
카카오맵,광주시,음식점 > 아시아음식 > 동남아음식 > 베트남음식,베트남휴게소,4.6,19,경기 광주시 도척면 도척윗로 200,경기 광주시 도척면 궁평리 539-3,,127.31980265280163,37.33723015746071,http://place.map.kakao.com/1054066021,2026-10-06 23:01:05
카카오맵,광주시,"음식점 > 간식 > 제과,베이커리",유정리제빵소,4.6,19,경기 광주시 도척면 마도로 227,경기 광주시 도척면 유정리 97-2,,127.33251986301288,37.29129931104071,http://place.map.kakao.com/525424866,2026-10-07 00:25:48
카카오맵,광주시,"음식점 > 한식 > 찌개,전골",송탄식오늘부대찌개 퇴촌점,4.6,18,경기 광주시 퇴촌면 천진암로 516,경기 광주시 퇴촌면 관음리 662-2,031-768-5835,127.32506585031058,37.463808770959744,http://place.map.kakao.com/1400779675,2026-10-07 01:57:08
카카오맵,광주시,음식점 > 아시아음식 > 동남아음식 > 베트남음식,포앤박 베트남쌀국수 광주퇴촌점,4.6,18,경기 광주시 퇴촌면 천진암로 632,경기 광주시 퇴촌면 관음리 351-12,031-769-1253,127.33354978346054,37.45632928573403,http://place.map.kakao.com/1009621989,2026-10-07 02:03:32
카카오맵,광주시,"음식점 > 일식 > 초밥,롤",스시순,4.6,16,경기 광주시 광주대로71번길 17,경기 광주시 경안동 12-3,0503-7152-2567,127.259043192179,37.4119483426016,http://place.map.kakao.com/1946731955,2026-10-07 01:26:21
카카오맵,광주시,음식점 > 샤브샤브,진진샤브샤브 편백찜 경기광주점,4.6,16,경기 광주시 초월읍 현산로 201,경기 광주시 초월읍 지월리 662,031-768-2675,127.29045319023743,37.40495463777657,http://place.map.kakao.com/954048275,2026-10-07 01:44:47
카카오맵,광주시,음식점 > 한식 > 해장국,철원해장국뼈감자탕 양벌점,4.6,16,경기 광주시 양벌로 188,경기 광주시 양벌동 290-3,031-797-9700,127.255031082441,37.379985283597,http://place.map.kakao.com/815513223,2026-10-07 00:06:30
카카오맵,광주시,음식점 > 한식,이배재 들밥,4.6,15,경기 광주시 이배재로 144,경기 광주시 목현동 1-6,031-798-7888,127.240165525336,37.4288272888644,http://place.map.kakao.com/985039587,2026-10-07 00:50:17
카카오맵,광주시,"음식점 > 한식 > 육류,고기",삼본식당,4.6,14,경기 광주시 도척면 도척윗로 205,경기 광주시 도척면 궁평리 543-4,0507-1340-2209,127.31969750601924,37.33665018005394,http://place.map.kakao.com/430288454,2026-10-06 23:00:58
카카오맵,광주시,"음식점 > 한식 > 육류,고기",오포집,4.6,14,경기 광주시 오포로 700-14,경기 광주시 추자동 348,031-765-7651,127.21916519510584,37.35773520943628,http://place.map.kakao.com/799542010,2026-10-06 23:21:51
카카오맵,광주시,"음식점 > 한식 > 육류,고기",용이네정육점식당,4.6,14,경기 광주시 도척면 도척윗로 161,경기 광주시 도척면 궁평리 301-2,031-766-6009,127.324076585446,37.3381357731508,http://place.map.kakao.com/1911984525,2026-10-06 23:01:08
카카오맵,광주시,음식점 > 한식 > 국수 > 칼국수,다인 얼큰샤브칼국수,4.6,13,경기 광주시 초월읍 대쌍령길 44,경기 광주시 초월읍 대쌍령리 181-22,031-766-3222,127.286855254829,37.3887964395243,http://place.map.kakao.com/1525020412,2026-10-07 00:13:04
카카오맵,광주시,"음식점 > 한식 > 해물,생선 > 회",청춘어시장,4.6,13,경기 광주시 오포로 880,경기 광주시 고산동 234-11,031-763-7568,127.23192591242795,37.36878177309277,http://place.map.kakao.com/1721487450,2026-10-06 23:23:30
카카오맵,광주시,음식점 > 중식 > 중국요리,다복향마라탕 신현능평점,4.6,12,경기 광주시 오포로 118,경기 광주시 능평동 152-13,031-761-0702,127.17932081480204,37.3438021530424,http://place.map.kakao.com/1040784125,2026-10-06 23:06:05
카카오맵,광주시,음식점 > 한식 > 국수,메밀골막국수,4.6,12,경기 광주시 곤지암읍 광여로 325,경기 광주시 곤지암읍 오향리 368-26,031-762-9292,127.375429457739,37.3596842255651,http://place.map.kakao.com/386650682,2026-10-07 00:39:33
카카오맵,광주시,음식점 > 중식 > 중국요리,첸바이최,4.6,12,경기 광주시 곤지암읍 평촌길 31-22,경기 광주시 곤지암읍 삼리 106-16,031-763-6767,127.3271322387691,37.356035246925195,http://place.map.kakao.com/1159002026,2026-10-06 23:59:10
카카오맵,광주시,음식점 > 분식,퇴촌김밥,4.6,12,경기 광주시 퇴촌면 천진암로 515-5,경기 광주시 퇴촌면 관음리 574-1,031-769-1146,127.32521463165834,37.464232736270056,http://place.map.kakao.com/1448398451,2026-10-07 01:57:22
카카오맵,광주시,음식점 > 양식 > 피자 > 피자헛,피자헛 경기광주본점,4.6,12,경기 광주시 광주대로97번길 4,경기 광주시 송정동 507-11,031-798-7052,127.259616739013,37.415469159493,http://place.map.kakao.com/499680231,2026-10-07 01:36:46
카카오맵,광주시,"음식점 > 한식 > 육류,고기 > 족발,보쌈",흥부족발보쌈,4.6,12,경기 광주시 역동로 111,경기 광주시 역동 213-1,031-763-1478,127.253725913777,37.3991014422614,http://place.map.kakao.com/1054418498,2026-10-07 00:11:17
카카오맵,광주시,음식점 > 한식,십년한우실비집 경안점,4.6,11,경기 광주시 경안로 13-3,경기 광주시 경안동 20-21,031-767-8295,127.259516303053,37.4096046600164,http://place.map.kakao.com/2033695573,2026-10-07 01:19:31
카카오맵,광주시,"음식점 > 한식 > 육류,고기 > 닭요리",냄비닭발 광주본점,4.6,10,경기 광주시 포돌이로 10,경기 광주시 탄벌동 52-5,031-797-7332,127.250137955688,37.4150895430495,http://place.map.kakao.com/18903344,2026-10-07 01:31:01
카카오맵,광주시,음식점 > 한식 > 두부전문점,두부만드는사람들 오포점,4.6,10,경기 광주시 능평로30번길 4-3,경기 광주시 능평동 452-7,031-715-2087,127.16476291476523,37.35481857008017,http://place.map.kakao.com/888576306,2026-10-06 23:10:54
카카오맵,광주시,"음식점 > 한식 > 육류,고기",바램,4.6,10,경기 광주시 초월읍 경충대로 1360,경기 광주시 초월읍 대쌍령리 396-17,031-797-5130,127.280504171242,37.3938546833338,http://place.map.kakao.com/996303876,2026-10-07 00:15:42
카카오맵,광주시,"음식점 > 한식 > 육류,고기 > 갈비",본가갈비 곤지암지점,4.6,10,경기 광주시 곤지암읍 곤지암천로 189,경기 광주시 곤지암읍 신대리 123-1,031-761-0100,127.333310976421,37.3563090290084,http://place.map.kakao.com/522769871,2026-10-07 00:39:09
카카오맵,광주시,음식점 > 한식 > 감자탕,이배재감자탕,4.6,10,경기 광주시 이배재로 470,경기 광주시 목현동 395,031-761-4629,127.20847032748722,37.43198242140596,http://place.map.kakao.com/106873788,2026-10-07 00:53:13
카카오맵,광주시,음식점 > 간식,청춘타코야끼,4.6,10,경기 광주시 중앙로123번길 5,경기 광주시 경안동 52-6,031-763-2206,127.25725453958209,37.41046737155982,http://place.map.kakao.com/1278993537,2026-10-07 01:18:10
카카오맵,광주시,"음식점 > 일식 > 돈까스,우동",킹돈수제왕돈까스,4.6,10,경기 광주시 회안대로71번길 2,경기 광주시 매산동 600,031-797-8289,127.244442957799,37.3616889299195,http://place.map.kakao.com/552350223,2026-10-06 23:23:05
카카오맵,광주시,"음식점 > 한식 > 해물,생선",팔당호마지막어부,4.6,10,경기 광주시 퇴촌면 오리길 26,경기 광주시 퇴촌면 오리 187-3,031-767-3070,127.30159716834828,37.47776993705423,http://place.map.kakao.com/1026303298,2026-10-07 02:01:50
카카오맵,광주시,음식점 > 양식 > 이탈리안,라체나,4.5,80,경기 광주시 퇴촌면 천진암로 360,경기 광주시 퇴촌면 광동리 180-2,0502-5553-8905,127.31225700595434,37.47174785050964,http://place.map.kakao.com/720045301,2026-10-07 01:59:57
카카오맵,광주시,"음식점 > 한식 > 해물,생선 > 회",세민수산 송정점,4.5,53,경기 광주시 수하길11번길 8,경기 광주시 송정동 70-4,031-766-2599,127.26185206527305,37.41606250463612,http://place.map.kakao.com/1239317714,2026-10-07 01:38:43
카카오맵,광주시,"음식점 > 한식 > 육류,고기 > 닭요리",석촌,4.5,45,경기 광주시 남한산성면 남한산성로780번길 33,경기 광주시 남한산성면 산성리 700,031-749-9338,127.1829089381741,37.48057574786972,http://place.map.kakao.com/11140361,2026-10-07 01:51:55
카카오맵,광주시,"음식점 > 간식 > 제과,베이커리",이터너티린 케이크제작소,4.5,39,경기 광주시 포돌이로 12-10,경기 광주시 탄벌동 44-6,031-769-8779,127.25037528533818,37.41546206163142,http://place.map.kakao.com/26456892,2026-10-07 01:32:43
카카오맵,광주시,음식점 > 한식 > 감자탕,전주감자탕해장국 곤지암점,4.5,39,경기 광주시 곤지암읍 평촌길 38-19,경기 광주시 곤지암읍 삼리 139-3,,127.325085491122,37.3564742821653,http://place.map.kakao.com/10718314,2026-10-06 23:58:21
카카오맵,광주시,"음식점 > 한식 > 육류,고기 > 오리",수양오리돌판구이,4.5,38,경기 광주시 오포로 421,경기 광주시 문형동 566-4,031-765-8480,127.203681386633,37.3407794143352,http://place.map.kakao.com/8453571,2026-10-06 23:18:00
카카오맵,광주시,음식점 > 아시아음식 > 인도음식,카삼,4.5,37,경기 광주시 중앙로 95-11,경기 광주시 역동 8-31,031-769-9774,127.25829615277436,37.40788548720412,http://place.map.kakao.com/553151934,2026-10-07 01:12:46
카카오맵,광주시,"음식점 > 한식 > 해물,생선 > 장어",부영장어,4.5,35,경기 광주시 고불로 73-75,경기 광주시 태전동 261-60,031-797-0592,127.22990985841608,37.39140858264655,http://place.map.kakao.com/1160121754,2026-10-06 23:38:11
카카오맵,광주시,"음식점 > 한식 > 육류,고기 > 불고기,두루치기",광릉불고기 오포점,4.5,25,경기 광주시 오포로 882,경기 광주시 고산동 234-10,031-761-3362,127.232007738076,37.3689582133579,http://place.map.kakao.com/13314751,2026-10-06 23:23:26
카카오맵,광주시,"음식점 > 한식 > 육류,고기 > 갈비",일품맛소,4.5,25,경기 광주시 중앙로 122-1,경기 광주시 경안동 54-3,031-762-8133,127.258129262221,37.4105997166353,http://place.map.kakao.com/1962688772,2026-10-07 01:18:04
카카오맵,광주시,음식점 > 한식,바라기들밥,4.5,24,경기 광주시 퇴촌면 정영로 913,경기 광주시 퇴촌면 영동리 218-15,031-766-0793,127.3813810311087,37.475650843615576,http://place.map.kakao.com/763559399,2026-10-07 02:06:11
카카오맵,광주시,"음식점 > 일식 > 초밥,롤",스시이즈미,4.5,22,경기 광주시 포돌이로 15,경기 광주시 경안동 127,031-797-0805,127.24947781657163,37.4146152009888,http://place.map.kakao.com/1556116407,2026-10-07 01:05:10
카카오맵,광주시,"음식점 > 한식 > 해물,생선",장지리해물찜,4.5,21,경기 광주시 순암로 100,경기 광주시 장지동 358-18,031-761-2123,127.23834808839233,37.39474367151766,http://place.map.kakao.com/1508841165,2026-10-06 23:47:58
카카오맵,광주시,음식점 > 한식,고굽연구소,4.5,19,경기 광주시 경안로41번길 7-7,경기 광주시 경안동 36-18,0503-7154-5489,127.256787495676,37.4093159854867,http://place.map.kakao.com/1927103033,2026-10-07 01:10:42
카카오맵,광주시,음식점 > 양식,무명,4.5,18,경기 광주시 포돌이로 12-10,경기 광주시 탄벌동 44-6,010-6814-1801,127.250369577289,37.4154440533842,http://place.map.kakao.com/872088750,2026-10-07 01:32:46
카카오맵,광주시,음식점 > 중식 > 중국요리,화미궁,4.5,18,경기 광주시 중앙로187번길 3,경기 광주시 송정동 112-10,031-762-0570,127.25663012048578,37.41616045287468,http://place.map.kakao.com/1996687675,2026-10-07 01:35:28
카카오맵,광주시,음식점 > 중식 > 중국요리,다한차이나,4.5,17,경기 광주시 경안로 8-2,경기 광주시 경안동 21-7,,127.26015492037995,37.41038263660798,http://place.map.kakao.com/532510312,2026-10-07 01:21:09
카카오맵,광주시,"음식점 > 일식 > 돈까스,우동",세쯔야,4.5,16,경기 광주시 태봉로 110,경기 광주시 태전동 735,031-8028-8688,127.23020015933245,37.38404847545749,http://place.map.kakao.com/1681308635,2026-10-06 23:31:11
카카오맵,광주시,"음식점 > 한식 > 찌개,전골",안숙소곱창전골,4.5,16,경기 광주시 초월읍 경충대로 1010-8,경기 광주시 초월읍 쌍동리 3-7,031-764-8856,127.304519910789,37.369874975149,http://place.map.kakao.com/1738334551,2026-10-06 23:53:56
카카오맵,광주시,"음식점 > 한식 > 육류,고기 > 닭요리 > 삼계탕",옥이네한방백숙,4.5,16,경기 광주시 남한산성면 엄미길 72-34,경기 광주시 남한산성면 엄미리 265,031-798-5254,127.23269408734407,37.47482085092549,http://place.map.kakao.com/284110554,2026-10-07 01:52:52
카카오맵,광주시,"음식점 > 한식 > 육류,고기 > 족발,보쌈",허허족발,4.5,15,경기 광주시 태봉로13번길 35,경기 광주시 장지동 692-63,010-5294-0814,127.23397129212,37.3905158140743,http://place.map.kakao.com/1128076462,2026-10-06 23:37:58
카카오맵,광주시,"음식점 > 한식 > 해물,생선 > 장어",강천장어,4.5,14,경기 광주시 새말길 262,경기 광주시 신현동 520,031-718-7662,127.169261624309,37.3787885053624,http://place.map.kakao.com/8160355,2026-10-06 23:25:11
카카오맵,광주시,"음식점 > 한식 > 육류,고기 > 갈비",민속촌,4.5,13,경기 광주시 광주대로 186,경기 광주시 송정동 239,031-763-7785,127.258637584744,37.423090297239,http://place.map.kakao.com/18886738,2026-10-07 01:40:46
카카오맵,광주시,음식점 > 분식,온정손만두,4.5,13,경기 광주시 곤지암읍 광여로 28,경기 광주시 곤지암읍 곤지암리 355,031-763-2280,127.34897183988448,37.350395494132776,http://place.map.kakao.com/1839365444,2026-10-07 00:37:33
카카오맵,광주시,음식점 > 한식 > 국수,자매국수&돈까스,4.5,13,경기 광주시 경안로25번길 29,경기 광주시 역동 3-10,031-764-3422,127.25671234282665,37.40715280504055,http://place.map.kakao.com/2001465970,2026-10-07 01:01:41
카카오맵,광주시,음식점 > 한식,황금들판,4.5,13,경기 광주시 도척면 도척윗로 340,경기 광주시 도척면 도웅리 72-6,031-762-5240,127.30945869678132,37.32910336125943,http://place.map.kakao.com/15464997,2026-10-06 23:01:20
카카오맵,광주시,음식점 > 한식 > 국수,국수역 이배재본점,4.5,12,경기 광주시 이배재로 485,경기 광주시 목현동 731,031-761-5942,127.206872957472,37.4312581086151,http://place.map.kakao.com/1734382872,2026-10-07 00:52:53
카카오맵,광주시,음식점 > 분식,춤추는왕만두,4.5,12,경기 광주시 중앙로 110,경기 광주시 경안동 30-3,,127.258560119208,37.4097590269279,http://place.map.kakao.com/2100525327,2026-10-07 01:19:07
카카오맵,광주시,음식점 > 패스트푸드 > 맘스터치,맘스터치 경기광주능평점,4.5,11,경기 광주시 오포로 116,경기 광주시 능평동 152-5,031-766-1200,127.178965098891,37.3437080836576,http://place.map.kakao.com/1778317112,2026-10-06 23:02:43
카카오맵,광주시,"음식점 > 한식 > 육류,고기 > 오리",뜰바다 호박오리&코다리,4.5,10,경기 광주시 파발로 204,경기 광주시 탄벌동 18-14,,127.24985793441675,37.41716697862871,http://place.map.kakao.com/8654839,2026-10-07 01:30:57
카카오맵,광주시,"음식점 > 한식 > 해물,생선",명물생선구이전문점,4.5,10,경기 광주시 경안로25번길 32,경기 광주시 역동 4-2,,127.25645665546459,37.40736059403783,http://place.map.kakao.com/1488747891,2026-10-07 01:01:37
카카오맵,광주시,"음식점 > 간식 > 제과,베이커리",베이크림,4.5,10,경기 광주시 광주대로 228,경기 광주시 송정동 302-20,,127.25799970433067,37.42683450815781,http://place.map.kakao.com/38318238,2026-10-07 01:41:31
카카오맵,광주시,"음식점 > 한식 > 사철탕,영양탕",초월흑염소명가,4.5,10,경기 광주시 초월읍 경충대로 1016,경기 광주시 초월읍 쌍동리 170-1,031-765-2002,127.30400787549138,37.37027904947048,http://place.map.kakao.com/46180486,2026-10-07 00:18:08
카카오맵,광주시,"음식점 > 한식 > 해물,생선",추자리동태탕,4.5,10,경기 광주시 오포로 685,경기 광주시 추자동 380-11,010-7523-8988,127.21725366749787,37.35832980878048,http://place.map.kakao.com/696185094,2026-10-06 23:22:00
카카오맵,광주시,음식점 > 아시아음식 > 동남아음식 > 베트남음식,포레스트오늘숲 광주태전점,4.5,10,경기 광주시 태전동로 29,경기 광주시 태전동 158-2,,127.234175023912,37.3859463322313,http://place.map.kakao.com/708389033,2026-10-06 23:35:12
