카테고리,음식점명,평점,주소
한식,바다가내손아귀 경기광주,4.92,경기 광주시 수하길 7 1층
한식,초월갈비촌,4.91,경기 광주시 지월로16번길 59 초월갈비촌
한식,해누리 곤지암IC점,4.90,"경기 광주시 평촌길 38-44 1,2층"
한식,낙원돈 오포 본점,4.90,"경기 광주시 양벌로 188 1층 102호, 103호"
한식,장인의 맛 숯불갈비,4.88,경기 광주시 광동로52번길 2-26 1층
한식,정원갈비 경기광주점,4.86,경기 광주시 경안천로 110 1~2층
한식,산성미가,4.86,경기 광주시 남한산성로 803-4 2층
한식,제주덕구 경기광주점,4.86,"경기 광주시 광주대로71번길 20-22 1, 2층"
한식,쭈꾸미소,4.84,경기 광주시 정영로 756
한식,미도촌 돼지국밥 본점,4.82,경기 광주시 곤지암천로 229 1층
한식,설악막국수춘천닭갈비 곤지암점,4.81,경기 광주시 광여로 809-24 1층
한식,황금코다리 남한산성점,4.81,경기 광주시 남한산성로 765 1층
한식,경안동닭갈비 경안본점,4.76,경기 광주시 광주대로71번길 22 2층
한식,화목뜰가든,4.75,"경기 광주시 절골길11번길 5-41 화목뜰 가든 1F, 2F"
한식,통큰곱창 오포점,4.71,"경기 광주시 능평로 59 B03, B04호"
한식,퇴촌손두부,4.70,경기 광주시 천진암로 690-4 1층 회식 가족모임에 좋은 퇴촌손두부
한식,해누리 동산들밥 본점,4.66,경기 광주시 광여로 305
한식,여기로와,4.63,경기 광주시 남한산성로 805 여기로와
한식,곤지암토담,4.59,경기 광주시 광여로 414 곤지암토담
한식,팔당샤브손칼국수,4.43,경기 광주시 신현로 28 팔당샤브손칼국수
한식,남도숯불고기,4.39,경기 광주시 오포로520번길 11
한식,숙아채콩나물국밥,4.37,경기 광주시 새말길 21
한식,세보수산,4.35,경기 광주시 경충대로 888 세보수산
한식,최미자소머리국밥,4.31,경기 광주시 도척로 58
양식,48ore화덕피자,4.92,경기 광주시 경안로41번길 6 B동 104호
양식,베이브런,4.86,경기 광주시 문형산길 41 가동 1층
양식,무명,4.82,경기 광주시 포돌이로 12-10 2층
양식,광수생각,4.72,경기 광주시 남한산성로 204 1층
양식,라타케리아 타코의집 퇴촌점 LaTaqueria,4.70,경기 광주시 석둔길 4
양식,곤지암리조트 카페테리아,4.53,경기 광주시 도척윗로 278
양식,도미노피자 오포점,4.42,경기 광주시 오포로 116 한산빌딩
양식,새미,4.41,경기 광주시 문화로 116 1층
양식,메종뒤샤,4.36,경기 광주시 문형산길 70-9 럭키하우스
양식,롯데리아 광주오포점,4.24,경기 광주시 양벌로 207 백두산빌딩 1층
중식,신백옥양꼬치 경안점,4.91,경기 광주시 광주대로55번길 7 2층
중식,램쿡양꼬치,4.91,경기 광주시 경안안길 75-1 2층
중식,휴미락 초월점,4.90,경기 광주시 경충대로 1314 대로변 1층
중식,양궈푸마라탕 곤지암점,4.90,경기 광주시 곤지암로 87 1층
중식,임사부중화요리몽콕 광주신현점,4.88,경기 광주시 신현로 112 1층
중식,신백옥양꼬치 태전점,4.87,경기 광주시 태봉로 8-4 2층
중식,오화루,4.85,경기 광주시 태성로 98 1층
중식,찐명품짜장박사 본점,4.69,경기 광주시 경충대로 1468-10
중식,용인5짬뽕,4.56,경기 광주시 오포로 526 1층
중식,취룡,4.45,경기 광주시 이배재로 308
중식,송유향,4.39,경기 광주시 순암로 270
중식,램브로 광주본점,4.36,경기 광주시 파발로59번길 15 1층
중식,백향불짬뽕 오포능평점,4.25,경기 광주시 능평로 104
일식,키레이,4.91,경기 광주시 중앙로 130-22 1층
일식,스시야,4.89,"경기 광주시 태봉로 226-18 1층 101호,102호"
일식,채선당 자연한가득 광주태전점,4.89,경기 광주시 벼루개로 36 서원프라자III 2층
일식,물고기자리 경기광주점,4.89,경기 광주시 문화로 29 102호
일식,편편집 광주초월역점,4.88,경기 광주시 경충대로 1031 1층
일식,모도리식당,4.87,경기 광주시 중앙로 89 1층 모도리식당
일식,사이카츠,4.86,경기 광주시 경안로 18 2층 사이카츠
일식,소바랑 신현점,4.84,경기 광주시 태재로 102 1층 101~103호
일식,진진샤브샤브편백찜 경기광주점,4.84,경기 광주시 현산로 201 2층
일식,스시로꼬 오포태전고산점,4.83,경기 광주시 오포로 898 스시로꼬 태전고산점
일식,돈카춘 경기광주태전점,4.82,경기 광주시 태봉로 145-3 1층 104호
일식,삼동소바 초월점,4.80,경기 광주시 경충대로 854 삼동소바 광주초월점
일식,세민수산 태전점,4.76,경기 광주시 회안대로 350-6 세민수산 태전점
일식,스시어왕 광주태전점,4.71,경기 광주시 고불로 62-5
일식,키라네라멘 곤지암 본점,4.68,경기 광주시 곤지암천로 326 1층 101호
일식,나가호리라멘,4.64,경기 광주시 광주대로55번길 21 DH타워 1층 106호
일식,킹돈수제왕돈까스,4.63,경기 광주시 회안대로71번길 2 킹돈수제왕돈까스
일식,샤브올데이 광주역동점,4.42,경기 광주시 포은대로 718-50 1층
일식,채선당 월남쌈&샤브샤브 오포점,4.37,경기 광주시 상태길 9
일식,하카타라멘,4.37,경기 광주시 새말길 61 104호
